<?xml version="1.0"?>
<module>
        <type>extension</type>
        <name>Attendance</name>
        <label>Servicebell Attendance</label>
        <parent>Tools</parent>
        <version>1.0</version>
        <dependencies>
                <vtiger_version>6.0.0</vtiger_version>
                <vtiger_max_version>6.*</vtiger_max_version>
        </dependencies>
        <tables>
			<table>
				<name>vtiger_attendance</name>
				<sql><![CDATA[CREATE TABLE `vtiger_attendance` (
					  `id` int(11) NOT NULL AUTO_INCREMENT,
					  `user_id` int(11) NOT NULL,
					  `attendance_date` datetime NOT NULL,
					  `status` enum('absent','present','holiday','leave','halfday') DEFAULT 'absent',
					  `created_on` datetime NOT NULL,
					  `created_by` int(11) DEFAULT NULL,
					  `modified_on` datetime DEFAULT NULL,
					  `modified_by` int(11) DEFAULT NULL,
					  PRIMARY KEY (`id`)
					) ENGINE=InnoDB DEFAULT CHARSET=latin1]]></sql>
			</table>
		</tables>
</module>
